,covid_business_standard,covid_business_today,covid_education_diary,covid_india_today,covid_livemint,covid_livemint1,covid_thehindu,covid_thehindu2,covid_the_times_of_india,covid_weather
,0,0,0,0,0,0,0,0,0,0
0,0,0,1,0,0,0,0,0,0,1
00,0,0,0,0,0,0,0,0,0,1
000,1,1,0,0,0,0,0,0,1,0
1,1,1,1,0,1,0,0,0,1,0
100,0,0,0,0,0,0,0,4,1,0
11,0,0,0,0,0,0,0,2,0,0
13,0,0,0,0,0,0,0,0,0,1
14,0,0,1,0,0,0,0,0,0,0
15,0,0,0,0,1,0,0,4,0,0
150,0,0,0,0,0,0,0,0,1,0
17,0,0,0,0,0,0,0,2,0,0
18,0,0,0,0,0,0,0,0,1,1
19,5,8,2,11,2,2,0,8,3,1
1st,0,0,0,0,0,0,0,0,1,0
2,1,1,0,0,0,1,0,0,2,3
20,0,0,0,0,0,0,0,0,1,0
2020,1,1,1,0,0,0,0,4,0,0
2021,0,0,0,1,0,0,2,0,0,0
2023,0,0,0,0,0,0,0,2,0,0
215,0,0,0,1,0,0,0,0,0,0
220,1,1,0,0,1,0,0,0,0,0
23,1,2,0,0,0,0,0,0,0,0
24,1,2,0,0,4,0,0,0,0,0
26,0,0,0,0,0,1,0,0,0,0
3,0,0,1,0,0,0,0,0,0,3
32,0,0,1,0,0,0,0,0,0,0
325,0,0,0,0,0,1,0,0,1,0
4,0,0,2,0,1,0,0,0,0,0
40,0,0,0,1,0,0,0,0,0,0
44,0,0,0,0,1,0,0,0,0,0
46,0,0,0,0,1,0,0,0,0,0
461,0,0,0,0,1,0,0,0,0,0
464,0,0,0,0,1,0,0,0,0,0
47,0,0,0,0,2,0,0,0,0,0
5,0,0,1,0,0,0,0,2,1,0
50,0,0,0,0,1,0,0,0,0,0
500,1,1,0,0,0,0,0,0,0,0
531,0,0,0,0,1,0,0,0,0,0
65,0,0,1,0,0,0,0,0,0,0
67,0,0,0,0,1,0,0,0,0,0
7,0,0,0,1,0,0,0,0,0,0
77,0,0,0,0,1,0,0,0,0,0
8,0,0,0,0,0,0,0,0,0,1
800,0,0,0,0,0,1,0,0,1,0
81,0,0,0,0,1,0,0,0,0,0
830,0,0,0,1,0,0,0,0,0,0
840,0,0,0,0,1,0,0,0,0,0
85,0,0,1,0,0,0,0,0,0,0
86,0,0,1,0,0,0,0,0,0,0
9,0,0,0,0,0,0,0,4,0,0
91,0,0,1,0,0,0,0,0,0,0
915,0,0,0,0,1,0,0,0,0,0
92,0,0,0,0,1,0,0,0,0,0
93,0,0,0,0,1,0,0,0,0,0
932,0,0,0,0,1,0,0,0,0,0
98,0,0,0,0,1,0,0,0,0,0
aashish,0,0,0,0,0,0,0,2,0,0
abdur,0,0,2,0,0,0,0,0,0,0
abhik,0,0,0,1,0,0,0,0,0,0
able,0,0,0,0,0,0,0,0,1,0
ac,0,0,1,1,1,0,0,2,0,0
accines,0,0,0,0,0,0,2,0,0,0
according,1,1,0,1,0,0,0,2,1,0
account,0,0,0,0,0,0,2,0,0,0
acks,0,0,0,0,0,0,2,0,0,0
across,0,0,0,1,1,0,0,0,0,2
act,1,1,0,0,0,0,0,0,0,0
add,0,0,0,0,0,0,0,0,1,0
added,1,0,0,0,0,0,0,0,0,2
addi,0,1,0,0,0,0,0,0,0,0
adding,0,0,0,1,0,0,0,0,0,0
addresses,0,0,0,0,0,0,0,2,0,0
adds,0,0,0,0,0,0,0,0,2,0
adenovirus,0,0,0,0,0,1,0,0,1,0
administered,1,0,0,0,2,0,0,0,1,1
administering,0,1,0,0,0,0,0,0,0,0
administra,0,0,0,0,0,0,2,0,1,0
admissions,0,0,0,0,1,0,0,0,0,0
adults,0,0,0,0,0,0,0,0,0,1
adve,0,0,1,0,0,0,0,0,0,0
adverse,0,0,3,0,0,0,0,0,0,1
advise,1,0,0,0,0,0,0,0,0,0
advised,0,0,0,0,1,0,0,0,0,0
aefi,0,0,3,0,0,0,0,0,0,0
aefis,0,0,1,0,0,0,0,0,0,0
age,0,0,0,0,0,0,0,0,0,1
agencies,0,0,0,0,0,0,0,2,0,0
ahead,0,0,0,0,0,0,2,0,0,0
aid,0,0,0,0,0,0,2,0,0,0
air,0,0,0,0,0,0,0,0,1,0
al,0,2,0,0,0,0,0,4,1,0
aligarh,0,0,2,0,0,0,0,0,0,0
allow,0,0,0,0,0,1,0,2,1,0
along,0,0,0,0,0,0,0,0,0,1
already,0,0,0,0,0,0,0,0,1,0
also,1,0,1,4,0,0,12,4,0,1
alth,0,1,0,0,0,0,0,0,0,0
ameni,0,0,0,1,0,0,0,0,0,0
amid,0,0,0,2,0,0,0,0,0,0
among,0,0,0,1,0,0,0,0,0,0
amount,0,1,0,0,0,0,0,0,0,0
analy,0,0,0,0,0,0,0,0,1,0
announce,0,0,0,0,0,0,0,4,0,1
announced,0,0,0,0,0,2,0,2,0,1
announcements,0,0,0,0,0,0,0,2,0,0
announcing,0,0,0,0,0,0,0,2,0,0
annual,1,0,0,0,0,0,0,0,0,0
annually,0,1,0,0,0,0,0,0,0,0
anxiety,0,0,1,0,0,0,0,0,0,0
anyone,0,0,0,0,0,0,4,0,0,0
applicable,0,0,0,1,0,0,0,0,0,0
applied,0,0,0,0,0,0,2,0,0,0
applies,0,0,0,0,0,0,4,0,0,0
appreciates,0,0,0,0,0,0,2,0,0,0
approval,0,0,0,0,0,1,0,0,1,0
approvals,0,0,0,0,0,0,6,0,0,0
ar,0,0,0,0,0,0,2,0,1,0
areas,0,0,1,0,0,0,0,0,0,0
arm,1,0,0,0,0,0,0,0,0,0
around,0,0,0,1,3,0,0,0,0,0
ashish,0,0,0,0,0,0,0,2,0,0
ask,0,0,0,0,0,0,4,0,0,0
asser,0,0,0,0,0,0,2,0,0,0
assistance,0,0,0,0,0,0,0,2,0,0
associa,0,0,0,0,0,0,0,0,0,1
august,1,1,0,0,0,0,0,0,0,0
authori,0,0,0,0,0,0,2,0,0,0
authorisa,0,0,0,0,0,0,0,0,0,2
authors,0,0,0,0,0,0,0,2,0,0
available,2,1,0,0,0,1,2,0,2,0
azad,0,0,0,0,0,1,0,0,0,0
b,2,3,0,0,0,0,0,0,0,1
back,0,0,0,1,0,0,0,0,0,0
based,0,0,0,1,0,0,0,8,1,4
basis,0,0,1,0,0,0,0,0,0,0
bbil,0,0,0,0,0,0,0,0,1,0
bbv154,0,0,0,0,0,1,0,0,1,0
bear,0,0,0,0,0,0,0,2,0,0
become,0,0,0,0,0,0,2,0,0,0
behind,0,2,0,0,0,0,0,0,0,0
believes,0,0,0,1,0,0,0,0,0,0
bene,0,0,0,1,0,0,0,2,1,0
best,0,0,0,2,0,0,0,0,0,0
bharat,0,0,0,0,0,4,0,6,4,0
biden,0,0,0,2,0,0,0,0,0,0
big,0,0,0,0,0,0,2,0,0,0
bihar,0,0,1,0,0,0,0,0,0,0
biological,0,0,0,0,0,0,0,2,0,0
biopharmaceu,0,0,0,0,0,0,0,0,0,2
biotech,0,0,0,0,0,4,0,6,4,0
biotechnology,0,0,0,0,0,0,0,4,0,1
birac,0,0,0,0,0,0,0,2,0,0
ble,0,0,0,0,0,0,0,0,0,1
block,0,0,0,0,0,0,0,0,1,0
body,0,0,0,0,0,0,0,0,1,0
book,0,0,0,0,0,0,0,10,0,0
booster,0,0,0,0,1,3,0,0,3,6
braving,0,0,0,0,0,0,0,6,0,0
budhiraja,2,2,0,0,0,0,0,0,0,0
buildings,0,0,0,1,0,0,0,0,0,0
c,0,0,1,0,0,0,0,0,1,3
ca,0,0,0,0,0,0,2,0,0,0
cadilla,0,0,0,0,0,0,0,2,0,0
cal,0,0,1,1,0,0,0,0,0,0
calibrated,0,0,0,0,0,0,0,2,0,0
called,1,0,0,0,0,0,0,0,0,0
cally,0,0,0,0,0,1,0,0,1,2
cals,0,0,0,0,0,0,0,2,0,2
candidate,0,0,0,0,0,1,0,0,1,0
candidates,0,0,0,0,0,0,0,4,0,0
cantly,0,2,0,0,0,0,0,0,0,1
carry,0,0,1,0,0,0,0,0,0,0
case,1,0,0,1,0,0,0,0,0,0
caseload,0,0,0,0,1,0,0,0,0,0
cases,6,9,0,3,5,0,0,0,1,0
categoriza,0,0,1,0,0,0,0,0,0,0
cause,0,0,1,0,0,0,0,0,0,0
cdc,2,2,0,0,0,0,0,0,0,0
cdsco,0,0,0,0,0,1,0,0,0,0
ce,0,0,1,3,0,0,0,0,0,0
central,0,0,0,0,0,1,0,2,1,0
centre,1,2,1,0,0,0,0,0,1,0
centres,0,0,0,0,0,1,0,0,0,0
cer,0,0,1,0,0,0,0,0,0,1
certain,0,0,0,0,0,0,2,0,0,0
ces,0,0,0,3,0,0,0,0,0,0
chain,0,0,0,0,0,0,0,0,0,1
chains,1,1,0,0,0,0,0,0,0,0
chairman,0,0,0,0,0,1,0,0,0,0
challenge,0,0,0,0,0,0,2,0,0,0
chandorkar,0,0,0,0,0,0,0,4,0,0
changer,0,0,0,0,0,0,0,0,2,0
changes,0,0,0,2,0,0,0,0,0,0
changing,0,0,0,0,0,0,0,0,1,0
charge,0,0,0,0,0,0,2,0,0,0
charges,0,0,0,0,0,0,0,0,1,0
chief,0,0,0,0,0,0,0,0,0,1
children,0,0,1,0,0,0,0,0,0,0
chris,0,0,0,1,0,0,0,0,0,0
chromebooks,0,0,0,2,0,0,0,0,0,0
ci,3,4,0,0,0,0,0,0,0,1
cial,1,1,0,0,0,0,2,0,0,0
cially,0,0,0,0,0,1,0,0,0,0
ciaries,0,0,0,0,0,0,0,2,0,0
ciency,0,0,0,1,0,0,0,0,0,0
cient,0,0,0,0,0,1,0,0,1,0
cipa,0,1,0,0,0,1,0,0,0,0
cited,1,0,0,0,0,0,0,0,0,0
cle,0,0,0,0,0,0,0,0,1,0
clean,0,0,0,1,0,0,0,0,0,0
clear,0,0,0,0,0,0,0,8,0,0
clinical,0,0,0,0,0,2,0,4,2,2
club,0,0,0,0,0,0,0,2,0,0
cms,0,0,1,0,0,0,0,0,0,0
cnbc,0,0,0,1,0,0,0,0,0,0
coincidental,0,0,1,0,0,0,0,0,0,0
college,0,0,2,0,0,0,0,0,0,0
come,0,0,0,0,0,0,4,0,0,0
comes,0,0,0,2,0,0,0,0,0,0
coming,0,0,0,0,0,0,6,0,0,0
comment,0,0,0,1,0,0,0,0,0,0
commi,0,0,1,0,0,0,0,0,0,0
comorbid,0,0,0,0,1,0,0,0,0,0
compa,0,0,0,0,0,0,0,0,0,1
companies,0,0,0,0,0,0,10,0,0,0
company,0,0,0,10,0,1,2,0,1,1
compe,0,0,0,0,0,0,0,2,0,0
complicated,1,1,0,0,0,0,0,0,0,0
comply,0,0,0,1,0,0,0,0,0,0
comprising,0,2,0,0,0,0,0,0,0,0
con,0,2,1,5,1,0,0,0,0,0
concern,0,0,0,0,0,0,0,0,1,0
condi,0,0,0,1,1,0,0,0,0,0
conducted,0,0,1,0,1,1,0,0,0,0
conference,0,0,0,0,0,0,0,0,0,1
conjugate,0,0,1,0,0,0,0,0,0,0
cons,0,0,0,0,0,0,0,2,0,0
consider,1,2,0,0,0,0,0,0,0,0
considerable,0,1,0,0,0,0,0,0,0,0
considered,1,0,0,0,0,0,0,0,0,0
considering,0,4,0,0,0,0,0,0,0,0
control,1,2,0,0,0,1,0,2,0,0
controller,0,0,0,0,0,0,0,0,0,1
controversies,0,0,0,0,0,0,0,2,0,0
cooperate,0,0,0,0,0,0,2,0,0,0
coordinator,0,0,1,0,0,0,0,0,0,0
corner,0,0,0,0,0,0,0,2,0,0
coronavirus,0,0,0,1,1,0,2,0,0,1
corporates,0,0,0,1,0,0,0,0,0,0
cost,1,0,0,0,0,1,0,0,1,0
costly,0,0,0,0,0,0,0,2,0,0
costs,0,0,0,1,0,0,0,0,0,0
could,1,0,0,0,0,0,2,0,2,0
council,0,0,0,0,0,0,0,4,0,0
count,1,1,0,0,0,0,0,0,0,0
countries,0,0,0,0,0,1,6,0,1,1
country,1,1,2,1,2,1,8,6,2,1
cov,0,0,0,0,0,1,0,0,2,0
covaxin,0,0,0,0,0,1,0,2,0,2
coverage,0,0,3,0,0,0,0,0,0,0
covered,0,0,0,0,0,0,0,2,0,0
covid,6,8,3,11,5,2,6,10,6,3
covishield,0,0,0,0,0,1,0,0,0,3
cowin,0,0,0,0,0,1,0,0,1,0
credit,0,0,0,0,0,0,0,2,0,0
crisis,0,0,0,0,0,0,2,0,0,0
crore,0,0,0,0,3,0,0,4,0,0
cs,0,0,0,0,0,0,0,0,1,0
cular,0,2,0,0,0,0,0,0,0,0
current,1,0,0,0,1,0,0,0,0,1
currently,0,0,0,0,1,0,0,0,0,0
cushioning,0,0,0,0,0,0,0,2,0,0
cut,0,0,0,2,0,0,0,0,0,0
cuts,0,0,0,1,0,0,0,0,0,0
daily,1,1,0,0,0,0,0,0,0,0
data,0,0,0,0,1,0,2,0,0,0
date,0,0,0,1,0,0,0,0,0,0
day,0,0,0,0,1,1,0,0,1,0
dcgi,0,0,0,0,0,0,0,0,0,1
de,0,0,1,0,0,1,0,0,1,0
dealing,0,0,0,0,0,0,0,2,0,0
death,0,0,0,0,1,0,0,0,0,0
debut,0,0,0,0,0,0,0,0,1,0
december,0,0,0,1,0,1,0,0,0,0
decided,0,0,0,1,0,0,0,0,0,0
decision,0,0,0,1,0,0,0,0,0,0
declara,0,0,0,1,0,0,0,0,0,0
declared,0,0,0,0,0,0,0,0,0,1
decline,0,1,0,0,1,0,0,0,0,0
declined,0,0,0,1,0,0,0,0,0,0
declining,0,0,0,0,1,0,0,0,0,0
decreased,0,2,0,0,0,0,0,0,0,0
dedicated,0,0,0,0,0,0,0,0,1,0
defect,0,0,1,0,0,0,0,0,0,0
delhi,0,0,0,0,1,0,0,2,1,0
delivered,0,0,0,0,0,0,0,0,0,1
delivery,0,0,0,0,0,2,0,0,3,1
demanding,0,0,0,0,0,0,2,0,0,0
demands,0,0,0,0,0,0,2,2,0,0
department,0,0,0,0,0,0,0,2,0,1
designed,0,0,0,0,0,1,0,0,1,0
despite,0,1,0,0,1,0,0,0,0,0
develop,0,0,0,0,0,0,0,6,0,0
developed,0,0,0,0,0,1,0,2,1,1
developer,0,0,0,0,0,0,0,0,1,0
developing,1,1,0,0,0,0,0,0,0,0
development,0,0,0,0,0,0,2,2,2,0
device,0,0,1,0,0,0,0,0,0,0
di,0,0,0,2,0,0,0,0,0,0
direc,0,0,0,0,0,0,0,2,0,0
director,1,1,0,0,0,1,0,0,0,0
disclose,0,0,0,0,0,0,0,0,0,1
discussing,0,0,1,0,0,0,0,2,0,0
disease,1,2,0,0,0,0,0,0,1,0
diseases,0,0,1,0,0,0,0,0,1,0
dismissed,0,0,0,0,0,0,2,0,0,0
district,0,0,1,0,0,0,0,0,0,0
diverse,0,0,0,0,0,0,2,0,0,0
dizziness,1,1,0,0,0,0,0,0,0,0
dna,0,0,0,0,0,0,0,2,0,0
documents,0,0,0,0,0,0,0,2,0,0
done,0,0,0,0,1,0,0,0,0,0
dose,4,8,0,0,0,3,0,0,5,2
doses,0,0,0,0,2,2,0,0,0,1
double,0,0,0,0,0,0,0,0,1,0
dpt,0,0,1,0,0,0,0,0,0,0
dr,0,0,4,0,0,1,0,0,0,2
dried,0,0,0,0,0,0,0,0,0,1
drive,0,0,0,0,1,0,0,0,0,0
drop,0,0,1,0,0,0,0,0,0,0
dropped,1,0,0,0,0,0,0,0,0,0
drops,0,0,0,0,0,1,0,0,1,0
drug,0,0,1,0,0,0,0,0,0,0
drugs,0,0,0,0,0,1,0,0,0,1
due,0,4,0,0,2,0,2,0,0,0
durable,0,0,0,1,0,0,0,0,0,0
e,1,1,0,2,1,1,2,12,1,2
eadache,0,1,0,0,0,0,0,0,0,0
earlier,0,0,0,0,0,1,2,0,0,0
early,0,0,0,0,0,0,0,2,0,0
easy,0,0,0,0,0,0,0,0,1,0
ec,0,0,0,0,0,1,0,0,1,1
eceiving,0,1,0,0,0,0,0,0,0,0
economic,1,1,0,1,0,0,0,0,0,0
ects,1,1,0,0,0,0,2,0,0,1
ee,0,0,1,0,0,0,0,0,0,0
een,0,0,0,0,0,0,0,2,0,0
either,0,0,0,0,0,1,0,0,0,1
elaborated,0,0,1,0,0,0,0,0,0,0
elderly,0,0,0,0,1,0,0,0,0,0
eligible,0,0,0,1,0,0,0,0,0,0
ella,0,0,0,0,0,1,0,0,0,0
emergency,0,0,0,3,0,0,2,0,0,3
emerging,0,0,0,0,0,0,0,2,1,0
emphasize,0,1,0,0,0,0,0,0,0,0
emphasized,0,2,0,0,0,0,0,0,0,0
employee,0,0,0,1,0,0,0,0,0,0
employees,0,0,0,6,0,0,0,0,0,0
en,0,0,0,0,0,0,6,0,0,0
enables,0,0,0,0,0,0,0,0,1,0
enabling,0,0,0,0,0,0,0,0,1,0
encourages,0,0,0,1,0,0,0,0,0,0
end,0,0,0,2,0,0,0,0,0,0
ended,0,0,1,0,0,0,0,0,0,0
ending,0,0,0,3,0,0,0,0,0,0
ends,0,0,0,1,0,0,0,0,0,0
engineer,0,0,0,1,0,0,0,0,0,0
engineers,0,0,0,1,0,0,0,0,0,0
enter,0,0,0,2,0,0,0,0,0,0
enters,0,0,0,0,0,0,0,0,1,0
entrepreneurial,0,0,0,0,0,0,0,2,0,0
entry,0,0,0,1,0,0,0,0,0,0
equal,0,0,0,0,0,0,4,0,0,0
er,1,0,0,3,0,0,0,0,0,0
erent,0,0,0,2,0,0,0,0,0,0
ering,0,0,0,1,0,0,0,0,0,0
error,0,0,1,0,0,0,0,0,0,0
ers,0,0,0,0,0,1,0,0,0,0
es,3,4,1,1,0,0,2,2,0,1
espec,0,0,0,1,0,0,0,0,0,0
especially,2,2,1,0,0,0,0,0,0,0
established,0,0,0,0,0,0,2,0,0,0
et,2,2,0,0,0,0,0,0,0,0
eua,0,0,0,0,0,0,0,0,0,1
europe,0,0,0,0,0,0,0,2,0,0
evaluate,0,0,0,0,0,1,0,0,0,0
evaluated,0,0,0,0,0,1,0,0,1,1
even,0,0,0,0,0,0,0,0,2,1
event,0,0,3,0,0,0,0,2,0,0
events,0,0,1,0,0,0,0,0,0,1
eventually,0,0,0,0,0,0,2,0,0,0
every,2,0,0,1,0,0,0,0,0,0
everyone,2,1,0,0,0,0,0,0,0,0
example,0,0,0,0,0,0,2,0,0,0
excess,0,0,0,1,0,0,0,0,0,0
execu,0,0,0,0,0,0,0,0,0,1
exis,0,0,0,0,0,0,0,0,0,1
expand,0,0,0,0,0,0,2,0,0,0
expenses,0,0,0,1,0,0,0,0,0,0
experience,1,0,0,1,0,0,0,0,0,0
experienced,0,0,1,0,0,0,0,0,0,0
expert,1,2,0,0,0,0,0,0,0,0
experts,4,7,0,0,2,0,0,0,0,0
explained,0,0,1,0,0,0,0,0,0,0
expressed,0,0,0,0,0,0,0,0,1,0
extremely,0,1,0,0,0,0,0,0,0,0
face,0,0,0,0,0,2,0,0,0,0
faced,0,0,0,1,0,0,0,0,0,0
fall,0,0,0,0,1,0,0,0,0,0
fallen,1,0,0,0,0,0,0,0,0,0
family,0,0,0,0,0,0,0,2,0,0
far,0,1,0,0,3,0,0,0,0,0
fast,0,0,0,0,0,0,2,0,0,0
faster,0,0,0,0,0,0,0,0,1,0
favour,0,0,0,0,0,0,2,0,0,0
february,0,0,0,0,0,0,0,2,0,0
fever,1,1,0,0,0,0,0,0,0,0
fi,0,0,0,0,0,0,0,2,0,0
first,0,0,0,0,0,0,0,0,0,1
follow,0,0,0,2,0,0,2,0,0,0
followed,0,0,0,0,0,0,2,4,0,0
following,0,0,2,0,0,0,2,0,0,0
force,0,0,0,0,0,0,0,2,0,0
foreign,0,0,0,0,0,0,10,2,0,0
form,0,0,0,0,0,0,0,2,0,0
formulated,0,0,0,0,0,1,0,0,1,0
forward,0,0,1,0,0,0,0,0,0,0
four,1,2,1,0,0,0,0,0,0,0
fourth,4,5,0,0,0,0,0,0,0,0
free,0,0,0,1,0,0,0,0,0,1
freeze,0,0,0,0,0,0,0,0,0,1
fron,0,0,0,0,0,1,0,0,0,0
front,0,0,0,0,0,0,0,2,0,0
full,0,0,1,0,0,0,2,0,0,0
fully,0,0,0,0,0,0,0,2,0,0
funding,0,0,0,0,0,0,0,6,0,0
fusion,0,0,0,0,0,1,0,0,1,0
g,0,0,0,1,0,0,0,0,0,0
game,0,0,0,0,0,0,0,0,3,0
gate,0,0,0,1,0,0,0,0,0,0
gave,0,0,0,0,0,0,4,2,0,0
ge,0,2,0,0,0,0,0,0,0,0
gemcovac,0,0,0,0,0,0,0,0,0,3
general,0,0,0,0,0,0,0,0,0,1
gennova,0,0,0,0,0,0,0,2,0,2
get,1,0,0,6,0,0,0,2,0,0
gets,0,0,0,0,0,0,0,0,1,1
ght,0,0,0,0,0,0,2,2,0,0
give,0,0,0,0,0,0,2,0,0,0
given,1,2,0,0,0,0,0,0,0,0
gives,1,1,0,0,0,0,0,0,0,0
global,0,0,0,4,0,0,4,0,1,0
globalisa,0,0,0,0,0,0,2,0,0,0
globally,0,0,0,1,0,0,0,0,1,0
go,0,0,0,0,0,0,2,0,0,0
goal,0,0,0,1,0,0,0,0,0,0
going,0,0,0,0,0,0,0,6,0,0
good,1,1,0,0,0,0,0,0,0,0
google,0,0,0,15,0,0,0,0,0,0
got,0,0,0,0,0,0,0,2,0,0
government,0,1,0,0,0,1,4,12,1,0
governmental,0,0,0,0,0,0,0,2,0,0
governments,0,0,0,0,0,0,0,4,1,0
govt,1,0,0,0,0,0,0,0,0,0
granted,0,0,0,0,0,0,0,0,0,1
group,1,1,0,0,0,0,0,0,0,0
gst,0,0,0,0,0,0,0,0,1,0
gupta,0,0,2,0,0,0,0,0,0,0
h,0,1,0,0,0,0,0,0,0,0
hand,0,0,0,1,0,0,0,0,0,0
haris,0,0,1,0,0,0,0,0,0,0
headache,1,0,0,0,0,0,0,0,0,0
health,4,6,2,0,2,1,12,2,2,1
healthcare,3,3,0,0,0,0,0,0,0,0
heart,0,0,0,0,0,0,2,0,0,0
heat,0,0,0,1,0,0,0,0,0,0
held,0,0,1,0,0,0,0,0,0,1
help,1,0,0,1,0,0,0,0,0,0
helpful,0,0,0,0,0,0,0,2,0,0
hesita,0,2,0,0,0,0,0,0,0,0
hesitant,0,2,0,0,0,0,0,0,0,0
heterologous,0,0,0,0,0,2,0,0,1,0
higher,1,1,0,0,0,0,0,0,0,1
highligh,0,0,0,0,0,0,2,0,0,0
highlighted,0,1,0,0,0,0,0,0,0,0
holds,0,0,0,0,0,0,0,0,0,1
home,0,0,0,1,0,0,0,0,0,0
hope,0,0,0,0,0,0,0,0,1,0
hospital,1,1,1,0,1,0,0,0,0,0
hospitalisa,0,0,0,1,0,0,0,0,0,0
hospitals,0,0,0,0,0,0,0,0,2,0
hours,1,2,0,0,4,0,0,0,0,0
however,2,0,1,2,0,0,2,0,1,0
huge,0,0,0,0,0,0,0,2,0,0
humans,0,0,0,0,0,0,0,0,1,0
hybrid,0,0,0,1,1,0,0,0,0,0
hyderabad,0,0,0,0,0,0,0,0,1,0
ially,0,0,0,1,0,0,0,0,0,0
icmr,0,0,0,0,0,0,0,4,0,0
idea,1,0,0,0,0,0,0,0,0,0
ii,0,0,0,0,0,1,0,0,1,0
iii,0,0,0,0,0,1,0,0,1,0
iisf,0,0,0,0,0,1,0,0,0,0
illness,0,0,0,0,0,0,0,0,1,0
immune,0,0,0,0,0,0,0,0,1,1
immunity,1,1,0,2,1,0,2,0,1,0
immuniza,0,0,10,0,0,0,0,0,1,0
immunogenicity,0,0,0,0,0,0,0,0,0,1
impediment,0,0,0,0,0,0,2,0,0,0
important,0,1,0,0,0,0,0,2,0,0
importantly,0,0,0,0,0,0,0,0,0,1
improved,0,0,0,1,0,0,0,0,0,0
include,1,1,0,0,0,0,0,0,0,0
included,0,0,0,0,0,0,0,2,0,0
including,0,0,0,1,0,0,2,0,0,0
inco,0,0,0,0,0,1,0,0,0,0
income,0,0,0,0,0,1,0,0,1,1
incovacc,0,0,0,0,0,6,0,0,10,0
increase,0,1,0,0,0,0,0,0,0,0
increased,0,0,0,1,0,0,0,0,0,0
indemni,0,0,0,0,0,0,2,0,0,0
indemnity,0,0,0,0,0,0,4,0,0,0
indi,0,0,0,0,0,0,0,2,0,0
india,2,3,3,4,2,3,24,22,2,6
indian,0,0,0,0,0,0,10,6,0,0
individuals,0,3,0,0,1,0,0,0,0,0
indradhanush,0,0,1,0,0,0,0,0,0,0
industry,0,0,0,2,0,0,0,2,0,0
infec,2,1,0,0,2,0,0,0,1,0
informed,0,0,1,0,0,0,0,0,0,0
ing,0,0,0,4,0,0,0,0,0,0
inhabitants,0,0,0,0,0,0,0,2,0,0
innova,0,0,0,0,0,0,0,0,1,0
inoucla,0,0,0,0,0,0,0,0,1,0
ins,0,0,0,0,0,1,0,2,0,0
instead,0,1,0,0,0,0,0,0,0,0
intake,1,0,0,0,0,0,0,0,0,0
intelligence,0,0,0,0,0,0,2,0,0,0
interac,0,0,2,0,0,0,0,0,0,0
interna,0,0,0,0,0,0,2,0,1,0
internal,0,0,0,1,0,0,0,0,0,0
interven,0,0,0,0,0,0,0,2,0,0
intra,0,0,0,0,0,1,0,0,1,0
intradermally,0,0,0,0,0,0,0,0,0,1
intranasal,0,0,0,0,0,3,0,0,2,0
introduc,0,0,1,0,0,0,0,0,0,0
involved,0,0,0,0,0,0,0,2,0,0
issued,0,0,0,0,0,0,0,0,1,0
january,0,0,0,0,0,1,0,2,0,0
jawaharlal,0,0,1,0,0,0,0,0,0,0
jharkhand,0,0,1,0,0,0,0,0,0,0
jitendra,0,0,0,0,0,1,0,0,1,0
jn,0,0,1,0,0,0,0,0,0,0
joe,0,0,0,2,0,0,0,0,0,0
joining,0,0,0,0,0,0,0,2,0,0
journal,0,0,0,0,0,0,0,0,1,0
journey,0,0,0,0,0,0,0,2,0,0
july,0,0,0,0,0,0,2,0,0,0
jump,0,0,1,0,0,0,0,0,0,0
k,0,0,1,0,0,0,0,2,0,0
kept,0,0,0,0,0,0,2,0,0,0
khan,0,0,1,0,0,0,0,0,0,0
kingdom,0,0,0,0,0,0,0,2,0,0
known,0,0,0,1,0,0,0,0,0,0
krishna,0,0,0,0,0,1,0,0,0,0
la,0,0,0,1,0,0,0,0,0,0
large,0,0,2,0,0,0,0,0,0,0
last,1,2,0,0,5,0,0,0,0,0
late,0,0,0,1,0,0,0,0,0,0
latest,0,0,0,0,0,0,2,0,0,0
launched,0,0,0,0,0,4,0,0,2,0
laundry,0,0,0,1,0,0,0,0,0,0
layer,0,1,0,0,0,0,0,0,0,0
leader,0,0,1,0,0,0,0,0,1,0
leading,0,0,0,1,0,0,0,0,0,0
learnings,0,0,1,0,0,0,0,0,0,0
legisla,0,0,0,2,0,0,0,0,0,0
less,0,0,0,0,1,0,0,0,1,0
level,0,0,0,2,0,0,0,0,0,0
li,0,0,0,3,0,0,0,0,0,0
light,0,0,1,0,0,0,0,0,0,0
like,1,0,0,1,0,0,8,0,0,0
likely,1,0,0,0,1,0,0,2,0,1
limited,0,0,0,0,0,0,0,0,1,0
line,0,0,0,0,0,0,0,0,1,0
lineages,1,2,0,0,0,0,0,0,0,1
linked,0,0,0,0,0,0,2,0,0,0
lmics,0,0,0,0,0,0,0,0,0,1
loaded,0,0,0,0,0,0,0,2,0,0
local,0,0,0,1,0,0,0,0,0,0
london,0,0,0,0,0,0,0,0,1,0
long,1,1,0,0,0,0,2,0,0,0
longer,0,0,0,1,0,0,2,0,0,1
low,1,2,0,0,0,1,0,0,1,1
lowest,1,1,0,0,0,0,0,0,0,0
lungs,0,0,0,0,0,0,0,0,1,0
lyophilised,0,0,0,0,0,0,0,0,0,1
macbooks,0,0,0,1,0,0,0,0,0,0
made,0,0,0,0,0,3,14,6,2,1
maharashtra,0,0,1,0,0,0,0,0,0,0
maintain,0,0,0,1,0,0,0,0,0,0
major,0,0,0,0,0,0,2,0,0,1
make,0,0,0,1,0,0,0,0,0,0
maker,0,0,0,0,0,0,0,2,0,0
makes,0,0,0,1,0,0,0,0,0,0
making,0,0,0,1,0,0,0,0,0,0
management,0,0,0,0,0,0,2,0,0,0
managing,0,0,0,0,0,1,0,0,0,0
mandates,0,0,0,1,0,0,0,0,0,0
mandatory,0,0,0,2,0,0,0,0,0,0
mandaviya,0,0,0,0,0,2,14,2,1,0
manit,0,0,0,0,0,1,0,0,0,0
mansukh,0,0,0,0,0,1,2,2,1,0
manual,0,0,0,0,0,0,2,0,0,0
manufacturers,0,0,0,0,0,0,2,4,0,0
manufacturing,0,0,0,0,0,0,0,0,1,0
many,0,0,0,1,1,0,2,0,0,0
march,1,1,0,0,0,0,0,2,0,0
market,0,0,0,0,0,0,0,2,1,0
markets,0,0,0,0,0,0,0,0,1,0
mass,0,0,0,0,0,0,0,0,2,0
massage,0,0,0,1,0,0,0,0,0,0
massive,0,0,0,1,0,0,0,0,0,0
maulana,0,0,0,0,0,1,0,0,0,0
max,2,2,0,0,0,0,0,0,0,0
may,4,1,0,1,0,0,4,10,0,0
meals,0,0,0,1,0,0,0,0,0,0
mean,0,0,0,0,0,0,0,2,0,0
means,0,0,0,1,0,0,0,0,0,0
measures,0,0,0,1,0,0,0,0,0,0
medi,0,0,1,0,0,0,0,0,0,0
medical,1,1,3,0,0,0,0,2,0,0
medicines,0,0,0,0,0,0,2,0,0,0
membranes,0,0,0,0,0,0,0,0,1,0
memo,0,0,0,2,0,0,0,0,0,0
mes,0,0,0,0,0,0,2,0,0,0
methods,0,0,1,0,0,0,0,0,0,0
mi,0,0,0,1,0,0,0,0,0,0
middle,0,0,0,0,0,1,2,0,1,1
might,1,0,0,0,0,0,0,0,1,0
mild,1,0,0,0,0,0,0,0,2,1
million,1,1,2,0,0,0,0,0,0,0
minister,0,0,0,0,0,2,12,6,2,0
ministry,0,0,0,0,1,0,2,0,0,0
missed,0,0,1,0,0,0,0,0,0,0
mission,0,0,1,0,0,0,0,0,0,0
model,0,0,0,1,0,0,0,0,0,0
moderate,0,0,0,0,0,0,0,0,0,1
moderna,0,0,0,0,0,0,4,0,0,0
modi,0,0,0,0,0,0,0,4,0,0
monday,0,0,0,0,1,0,0,0,0,0
monitoring,0,0,1,0,0,0,0,0,0,0
monovalent,0,0,0,0,0,0,0,0,0,1
month,0,0,0,0,0,1,0,0,0,0
months,1,0,0,1,1,0,0,0,0,0
moral,0,0,0,0,0,0,0,2,0,0
mouth,0,0,0,0,0,0,0,0,1,0
move,0,0,0,0,0,0,0,2,0,0
mr,0,0,0,0,0,0,10,2,0,0
mrna,0,0,0,0,0,0,0,2,0,3
much,1,0,0,0,0,0,2,0,0,0
mucosal,0,0,0,0,0,0,0,0,3,0
mucous,0,0,0,0,0,0,0,0,1,0
mul,0,1,0,0,0,0,0,2,0,0
muscle,0,1,0,0,0,0,0,0,0,0
muscular,1,0,0,0,0,0,0,0,0,0
muslim,0,0,1,0,0,0,0,0,0,0
na,0,0,1,2,0,1,0,0,1,0
nancial,0,0,0,0,0,0,0,2,0,0
narendra,0,0,0,0,0,0,0,2,0,0
nasal,1,0,0,0,0,5,0,2,6,0
natural,0,0,0,0,1,0,2,0,0,0
nature,0,0,0,0,0,0,0,0,1,0
ne,0,0,2,0,0,0,0,0,0,0
nearly,0,0,0,0,0,0,0,2,0,0
necessarily,0,0,0,0,0,0,0,2,0,0
necessity,0,2,0,0,0,0,0,0,0,0
need,1,0,1,0,0,0,4,0,0,1
needed,1,0,0,0,0,0,0,0,0,0
needle,1,0,0,0,0,0,0,0,1,1
needs,0,0,0,0,0,0,2,0,0,0
nehru,0,0,1,0,0,0,0,0,0,0
new,0,2,1,3,3,1,0,4,1,0
newspaper,1,1,0,0,0,0,0,0,0,0
next,0,0,0,0,0,0,0,2,0,0
nfhs,0,0,2,0,0,0,0,0,0,0
ng,1,2,1,0,0,1,6,2,2,1
ni,0,0,1,0,0,0,0,0,0,0
nity,0,0,0,0,0,0,0,0,1,0
non,0,0,0,1,0,0,0,0,0,0
nonetheless,0,1,0,0,0,0,0,0,0,0
north,1,1,0,0,0,0,0,0,0,0
nose,0,0,0,0,0,0,0,0,1,0
noted,0,0,0,0,2,0,0,0,0,0
nue,0,0,0,2,1,0,0,0,0,0
nued,0,0,1,0,0,0,0,0,0,0
nues,0,0,0,1,0,0,0,0,0,0
nuing,0,0,0,1,0,0,0,0,0,0
number,0,0,1,0,3,0,0,0,0,0
numbers,1,0,0,0,0,0,0,0,0,0
objected,0,0,0,1,0,0,0,0,0,0
obliga,0,0,0,0,0,0,0,2,0,0
observed,0,3,0,0,0,0,0,0,0,0
observing,0,0,0,0,1,0,0,0,0,0
obtained,0,0,0,1,0,0,0,0,0,0
occasion,0,0,0,0,0,0,0,0,1,0
occurrences,0,0,0,0,0,0,0,0,1,0
older,1,0,0,0,0,0,0,0,0,1
om,0,0,0,0,0,0,0,0,0,3
omicron,0,0,0,0,0,0,0,0,0,4
onal,0,0,1,2,0,1,2,0,1,0
onally,0,1,0,0,0,0,0,0,0,0
one,0,0,0,1,0,0,0,2,1,0
ons,0,1,1,4,3,0,10,4,0,0
onship,0,0,0,0,0,0,2,0,0,0
ooster,0,0,0,0,0,0,0,0,0,1
opera,0,0,0,0,0,0,0,2,0,0
operate,0,0,0,1,0,0,0,0,0,0
ordering,1,0,0,0,0,0,0,0,0,0
orders,0,1,0,0,0,0,0,0,0,0
organisa,0,0,1,0,0,0,0,0,0,0
organise,0,0,1,0,0,0,0,0,0,0
organised,0,0,0,0,0,1,0,0,0,0
organiza,0,0,0,0,0,1,0,0,0,0
organized,0,0,1,0,0,0,0,0,0,0
orm,0,0,0,0,0,0,0,0,1,0
ort,0,0,0,0,0,0,0,4,0,0
orts,0,0,0,0,1,0,0,6,0,0
ous,0,0,0,0,0,0,0,0,1,0
outset,0,0,0,0,0,0,0,2,0,0
overnments,0,0,0,1,0,0,0,0,0,0
oxford,0,0,0,0,0,0,0,2,0,0
p,0,0,0,0,0,0,4,2,0,0
pain,1,1,0,0,0,0,0,0,0,0
pandemic,0,0,0,2,0,0,4,4,1,0
par,0,3,0,0,0,1,0,0,0,0
part,0,0,0,1,0,0,0,2,0,0
partnership,0,0,0,0,0,0,0,6,0,0
passe,0,1,0,0,0,0,0,0,0,0
passed,0,0,0,0,0,0,0,0,0,1
pds,0,0,0,0,0,0,0,0,0,1
peers,0,0,0,1,0,0,0,0,0,0
people,2,0,0,2,2,0,0,0,1,1
per,0,0,1,0,0,2,0,0,4,0
performance,0,0,1,0,0,0,0,0,0,0
perks,0,0,0,3,0,0,0,0,0,0
persons,0,0,1,0,0,0,0,0,0,0
pharma,0,0,0,0,0,0,2,0,0,0
pharmaceu,0,0,0,0,0,0,0,2,0,0
pharmajet,0,0,0,0,0,0,0,0,0,1
phases,0,0,0,0,0,1,0,0,1,0
photo,0,0,0,0,0,0,0,2,0,0
physical,0,0,0,0,0,0,2,0,0,0
pla,0,0,0,0,0,0,0,0,1,0
place,0,0,0,2,0,0,0,0,0,0
placing,0,1,0,0,0,0,0,0,0,0
ple,0,1,0,0,0,0,0,2,0,0
pneumococcal,0,0,1,0,0,0,0,0,0,0
poin,0,0,0,0,0,0,0,0,1,0
policy,0,0,0,8,0,0,0,0,0,0
polio,0,0,1,0,0,0,0,0,0,0
poor,1,0,0,0,0,0,0,0,0,0
popula,0,0,0,0,1,0,0,0,0,0
posi,0,0,0,0,0,0,2,0,0,0
post,0,1,0,0,0,0,0,0,0,0
poten,0,2,0,0,0,0,0,4,0,0
prac,0,0,0,1,0,0,0,0,0,0
pre,0,0,0,0,0,1,0,0,1,0
precision,0,0,0,0,0,0,0,0,0,1
prepared,0,1,0,0,0,0,0,0,0,0
president,0,0,0,2,0,0,0,0,0,0
press,0,0,0,0,0,0,0,0,0,1
prevalent,0,0,0,0,0,0,0,0,0,1
prevent,0,0,0,0,0,0,0,0,2,0
preventable,0,0,1,0,0,0,0,0,0,0
previously,0,0,0,0,0,1,0,0,0,1
price,0,0,0,0,0,0,0,0,0,1
priced,0,0,0,0,0,0,0,0,2,0
prices,0,1,0,0,0,0,0,0,0,0
pricing,0,0,0,0,0,0,0,0,1,0
primary,0,0,0,0,0,1,0,0,1,1
prime,0,0,0,0,0,0,0,4,0,0
principal,0,0,1,0,0,0,0,0,0,0
priori,0,0,0,0,0,0,0,2,0,0
private,0,0,0,0,0,1,0,10,4,0
problem,0,0,0,0,0,0,2,0,0,0
process,0,0,0,0,0,0,4,0,0,0
processes,0,0,0,0,0,0,2,0,0,0
procured,0,0,0,0,0,0,2,0,0,0
procurement,0,0,0,0,0,1,0,2,0,0
procuring,0,0,0,0,0,0,2,0,0,0
produc,0,0,0,0,0,0,0,2,0,0
produce,0,0,0,0,0,0,0,0,1,0
producer,0,0,0,0,0,0,0,2,0,0
product,0,0,1,0,0,0,0,0,0,0
products,0,0,0,1,0,0,2,0,0,0
prof,0,0,2,0,0,0,0,0,0,0
program,0,0,0,0,0,0,0,0,1,0
programme,0,0,1,0,0,0,0,0,0,0
programs,0,0,1,0,0,0,0,0,0,0
promp,0,0,0,0,0,0,0,0,1,0
protec,2,2,0,0,0,0,0,0,0,0
protect,0,0,0,0,0,0,0,0,1,0
protein,0,0,0,0,0,1,0,2,1,0
protocols,0,0,0,1,1,0,0,0,0,0
proud,0,0,0,0,0,0,0,0,0,1
proven,0,0,0,0,0,0,0,0,0,1
provide,1,0,0,0,0,0,0,0,0,0
pti,0,0,0,0,0,0,2,2,0,0
public,1,1,0,0,0,0,0,4,0,1
publicly,0,0,0,1,0,0,0,0,0,0
pune,0,0,0,0,0,0,0,2,0,1
pushed,0,0,0,0,0,0,0,2,0,0
put,0,0,0,0,0,0,0,2,0,0
puts,0,0,0,0,0,0,0,2,0,0
quadrivalent,1,1,0,0,0,0,0,0,0,0
quality,0,0,1,0,0,0,0,0,0,0
quantum,0,0,1,0,0,0,0,0,0,0
r,0,1,0,0,0,0,2,0,0,0
rackow,0,0,0,1,0,0,0,0,0,0
raged,0,0,0,0,0,0,0,2,0,0
rahman,0,0,3,0,0,0,0,0,0,0
range,1,0,0,0,0,0,0,0,0,0
ranging,0,1,0,0,0,0,0,2,0,0
rate,1,0,0,0,1,0,0,0,0,0
rates,0,0,0,1,0,0,0,0,0,0
reac,0,0,5,0,0,0,0,0,0,0
reached,0,0,0,0,0,0,0,0,1,0
read,0,0,0,0,0,1,0,0,1,0
reads,0,0,0,1,0,0,0,0,0,0
reason,0,2,0,0,0,0,0,0,0,0
reasons,0,0,0,0,0,0,0,4,0,0
received,0,1,0,0,0,2,0,2,1,1
recent,0,0,0,0,0,0,2,0,0,0
recently,0,0,0,1,0,1,2,0,0,0
recombinant,0,0,0,0,0,1,0,0,1,0
recommended,0,3,0,0,0,0,0,0,0,0
recommending,0,1,0,0,0,0,0,0,0,0
recommends,1,0,0,1,0,0,0,0,0,0
recorded,0,0,0,1,0,0,0,0,0,0
recoun,0,0,0,0,0,0,2,0,0,0
recovered,0,0,0,0,1,0,0,0,0,0
recoveries,0,0,0,0,1,0,0,0,0,0
recovery,0,0,0,0,1,0,0,0,0,0
refer,1,0,0,0,0,0,0,0,0,0
refrained,0,1,0,0,0,0,0,0,0,0
refrigera,0,0,0,0,0,0,0,0,0,1
regional,0,0,1,0,0,0,0,0,0,0
regula,0,0,0,1,0,0,6,0,0,0
regular,0,0,1,0,0,0,0,0,0,0
regularly,0,0,0,1,0,0,0,0,0,0
rela,0,0,1,0,0,0,2,0,0,0
related,0,0,4,0,0,0,0,0,0,0
relaxa,0,0,0,0,0,0,2,0,0,0
release,0,0,0,0,0,0,0,2,1,0
relevance,0,0,0,0,0,0,0,0,0,1
remain,0,0,0,2,1,0,0,0,0,0
remains,0,0,0,0,0,0,0,0,0,1
replica,0,0,0,0,0,1,0,0,1,0
repor,0,0,1,0,0,0,0,0,0,0
report,3,2,0,0,0,0,0,0,0,0
reported,1,2,0,0,2,0,0,0,0,1
reports,0,0,0,0,1,0,0,0,0,0
republic,0,0,0,0,0,1,0,0,1,0
required,0,0,0,1,0,0,2,0,0,0
requirements,0,0,0,0,0,0,2,0,0,0
research,0,0,0,0,0,0,2,6,0,0
reserving,0,0,0,1,0,0,0,0,0,0
residence,0,0,0,0,0,1,0,0,0,0
residents,0,0,1,0,0,0,0,0,0,0
resource,0,0,1,0,0,0,0,0,0,0
resources,0,0,0,1,0,0,0,0,0,0
response,0,1,0,2,0,0,0,2,0,1
responses,0,0,0,0,0,0,0,0,1,0
responsible,0,0,0,1,0,0,0,0,0,0
restric,0,0,0,1,0,0,0,0,0,0
result,0,0,0,0,1,0,0,0,0,0
results,0,0,0,0,0,1,0,0,1,1
ri,0,0,1,0,0,0,0,0,0,0
right,0,0,0,0,0,0,0,2,0,0
rights,0,0,0,0,0,0,4,0,0,0
rise,3,0,0,0,0,0,0,0,0,0
rising,0,0,0,1,0,0,0,0,0,0
risk,1,1,0,0,1,0,0,0,0,0
risks,0,0,0,0,0,0,0,2,0,0
rm,0,0,0,0,0,0,0,0,1,1
rmed,0,1,0,1,0,0,0,0,0,0
rms,0,1,0,0,0,0,4,2,0,0
rolled,0,0,0,0,0,0,0,0,0,2
room,0,0,1,0,0,0,0,0,0,0
rou,0,0,2,0,0,0,0,0,0,0
rs,2,2,0,0,0,0,0,0,4,0
rse,0,0,1,0,0,0,0,0,0,0
rst,0,0,0,1,0,3,0,4,5,1
rule,0,0,0,0,0,0,2,0,0,0
rules,0,0,0,0,0,0,6,0,0,0
rushed,0,0,0,0,0,0,2,0,0,0
safe,0,0,0,0,0,0,0,0,0,2
safeguard,0,2,0,0,0,0,0,0,0,0
safety,0,0,0,0,0,0,0,0,0,1
said,2,0,1,1,1,1,14,0,2,2
salaries,0,0,0,1,0,0,0,0,0,0
sandeep,1,1,0,0,0,0,0,0,0,0
sanjay,0,0,0,0,0,0,0,0,0,2
sars,0,0,0,0,0,1,0,0,2,0
saturday,0,0,0,0,0,1,0,0,0,0
save,0,0,0,1,0,0,0,0,0,0
savings,0,0,0,1,0,0,0,0,0,0
say,1,0,0,0,1,0,2,0,0,0
saying,0,0,0,0,0,0,2,0,0,0
says,1,0,0,2,0,0,0,0,1,0
schedule,0,0,0,0,0,1,0,0,0,0
scien,0,0,0,0,0,0,2,0,0,1
science,0,0,0,0,0,2,0,0,2,0
season,1,0,0,0,0,0,0,0,0,0
seasonal,1,1,0,0,0,0,0,0,0,0
second,1,1,0,0,0,0,0,0,0,0
sector,0,0,0,0,0,0,2,2,0,0
sectors,0,0,0,0,0,0,2,0,0,0
security,0,0,0,1,0,0,0,0,0,0
seeking,0,0,0,0,0,0,2,0,0,0
seeks,0,0,0,2,0,0,0,0,0,0
segment,0,0,0,0,0,1,0,0,0,0
sell,0,0,0,0,0,1,2,0,0,0
selling,1,0,0,0,0,0,0,0,0,0
sengupta,0,0,0,1,0,0,0,0,0,0
sensi,0,0,1,0,0,0,0,0,0,0
september,1,1,0,0,0,0,0,0,0,0
series,0,0,0,0,0,0,0,0,1,0
serious,0,0,0,0,0,0,0,0,0,1
seriously,0,2,0,0,0,0,0,0,0,0
services,0,0,1,1,0,0,0,0,0,0
set,0,0,0,0,0,0,0,2,0,0
several,2,0,0,0,0,0,0,0,0,0
severe,0,0,0,0,1,0,0,0,0,0
share,0,0,0,0,0,0,0,2,0,0
shed,0,0,1,0,0,0,0,0,0,0
shield,1,0,0,0,0,0,0,0,0,0
shivering,1,1,0,0,0,0,0,0,0,0
shot,6,2,0,1,0,2,0,0,0,1
shots,4,6,0,0,1,0,0,0,1,1
show,0,0,0,1,0,0,0,0,0,0
showed,0,0,0,0,0,0,0,0,0,2
sias,0,0,1,0,0,0,0,0,0,0
side,1,1,0,0,0,0,2,0,0,1
sidelined,1,1,0,0,0,0,0,0,0,0
signed,0,0,0,2,0,0,0,0,0,0
signi,0,2,0,0,0,0,0,0,0,1
since,3,2,0,0,0,0,0,0,0,0
singh,0,0,0,0,0,1,0,0,1,3
single,0,0,0,0,0,0,0,0,0,1
six,1,0,0,0,0,0,0,0,0,0
slight,0,1,0,0,0,0,0,0,0,0
slowdown,0,0,0,1,0,0,0,0,0,0
sold,0,1,0,0,0,0,0,0,0,0
som,0,0,0,1,0,0,0,0,0,0
something,0,0,0,0,0,0,0,0,1,0
sovereign,0,0,0,0,0,0,2,0,0,0
spate,0,0,0,0,0,0,2,0,0,0
speci,0,0,1,0,0,1,0,0,2,3
speed,0,0,0,0,0,0,0,2,0,0
spike,1,0,0,0,0,1,0,0,1,0
spokesperson,0,0,0,1,0,0,0,0,0,0
spray,1,0,0,0,0,0,0,0,0,0
sputnik,0,0,0,0,0,0,4,0,0,0
sta,0,0,0,1,0,0,0,0,0,0
stabilised,0,0,0,1,0,0,0,0,0,0
stabilized,0,0,0,0,0,1,0,0,1,0
stable,0,0,0,0,0,0,0,0,0,1
stages,0,0,0,0,0,0,0,2,0,0
stand,0,0,0,0,1,0,0,0,0,0
standard,0,0,0,0,0,1,0,0,0,0
standards,0,0,0,1,0,0,2,0,0,0
stands,0,0,0,0,2,0,0,0,0,0
state,0,0,0,0,0,0,0,4,1,0
stated,1,0,0,1,0,0,4,0,0,0
statement,0,0,0,0,0,1,0,0,0,0
states,0,0,0,0,0,0,0,6,0,0
stay,0,0,0,1,0,0,0,0,0,0
steady,0,0,0,0,2,0,0,0,0,0
sterilizing,0,0,0,0,0,0,0,0,1,0
stewards,0,0,0,1,0,0,0,0,0,0
stopped,1,0,0,0,0,0,6,0,0,0
storm,0,0,0,0,0,0,0,6,0,0
story,0,0,0,0,0,0,2,8,0,0
strengthen,0,0,1,0,0,0,0,0,0,0
strengths,0,0,0,0,0,0,4,0,0,0
stressed,0,0,1,0,0,0,2,0,0,0
strict,0,0,0,1,0,0,0,0,0,0
sts,0,0,0,0,0,0,2,0,0,0
sub,0,0,1,0,0,0,0,0,0,1
subjects,0,0,0,0,0,1,0,0,0,0
subtypes,1,2,0,0,0,0,0,0,0,0
subuni,0,0,0,0,0,0,0,2,0,0
success,0,0,0,0,0,0,2,0,0,0
successful,0,0,0,0,0,1,0,0,1,0
sudhir,0,0,0,0,0,0,0,4,0,0
sugges,1,0,0,0,0,0,2,0,0,0
suggest,0,0,0,0,0,0,4,0,0,0
suggests,0,1,0,0,0,0,0,0,0,0
summary,0,1,0,0,0,0,0,0,0,0
supplementary,0,0,1,0,0,0,0,0,0,0
supplies,0,0,0,0,0,0,0,2,0,0
supply,0,0,0,0,0,0,0,2,0,1
support,0,0,0,0,0,0,0,4,0,0
supported,0,0,0,0,0,0,0,2,0,0
suraj,0,0,0,0,0,0,0,4,0,0
surge,0,4,0,0,0,0,0,0,0,0
surveillance,0,0,2,0,0,0,0,0,0,0
swadeshi,0,0,0,0,0,0,0,2,0,0
syed,0,0,1,0,0,0,0,0,0,0
symptoms,0,0,0,1,0,0,0,0,0,0
system,0,0,0,0,0,1,0,0,1,1
tackling,0,0,0,0,0,0,0,0,0,1
tailor,0,0,0,0,0,0,0,0,0,1
take,1,1,0,0,1,0,2,0,0,0
taken,2,2,0,0,0,0,0,0,0,1
taking,0,0,0,1,1,0,2,0,0,0
tale,0,0,0,0,0,0,0,2,0,0
target,0,0,0,0,0,0,0,0,1,1
task,0,0,0,0,0,0,0,2,0,0
teachers,0,0,1,0,0,0,0,0,0,0
team,0,0,1,0,0,0,0,0,0,0
tech,0,0,0,1,0,0,0,0,0,0
technical,0,0,0,0,0,0,0,2,0,0
technology,0,0,0,0,0,2,2,0,1,0
tells,0,0,0,0,0,0,0,2,0,0
term,0,0,0,0,0,0,2,0,0,0
terms,0,0,0,0,0,0,0,2,0,0
tests,0,0,0,0,2,0,0,0,0,0
theory,0,0,0,0,0,0,0,0,1,0
therefore,0,0,0,0,0,0,2,0,0,0
thin,0,0,0,0,0,0,0,0,1,0
third,3,3,0,0,0,0,0,0,0,0
though,0,0,0,0,0,0,0,0,0,1
thursday,0,0,0,0,0,0,0,0,2,0
times,1,1,0,0,0,0,0,0,0,0
today,0,0,0,3,0,0,0,0,1,0
together,0,0,0,0,0,0,0,4,0,0
told,2,2,0,1,0,0,2,0,0,0
tolerated,0,0,0,0,0,0,0,0,0,1
toll,0,0,0,0,1,0,0,0,0,0
took,1,0,0,0,0,0,2,0,0,0
tot,0,0,0,0,0,0,0,0,1,0
total,0,0,0,0,2,0,0,0,0,0
tracked,0,0,0,0,0,0,2,0,0,0
transmission,0,0,0,0,0,0,0,0,1,0
trends,0,0,1,0,0,0,0,0,0,0
trial,0,0,0,0,0,0,0,0,0,1
trialled,0,0,0,0,0,0,0,2,0,0
trials,0,0,0,0,0,2,0,2,2,1
tropis,0,0,0,0,0,0,0,0,0,1
trying,0,0,0,1,0,0,0,0,0,0
ts,0,0,0,1,0,0,0,0,0,0
tu,0,0,0,0,0,0,0,4,0,0
tuesday,0,0,0,0,0,0,0,0,0,2
turnout,1,0,0,0,0,0,0,0,0,0
tute,0,0,0,0,0,1,0,0,0,0
two,3,5,0,0,0,1,0,2,0,2
types,1,1,1,0,0,0,0,0,0,0
u,13,11,0,1,0,0,0,6,0,0
uenza,8,8,0,0,0,0,0,0,0,0
ules,0,0,0,0,0,0,2,0,0,0
unable,0,0,0,0,0,0,0,0,1,0
union,0,0,0,0,1,1,2,2,1,0
unit,0,0,1,0,0,0,0,0,0,0
united,0,0,0,0,0,0,0,4,0,0
university,0,0,1,0,0,0,0,2,0,0
update,0,0,0,2,1,0,0,0,0,0
updates,0,0,0,1,0,0,0,0,0,0
uptake,0,1,0,0,0,0,0,0,0,0
urgent,0,1,0,0,0,0,0,0,0,0
us,0,0,0,6,0,0,0,0,0,0
use,0,0,0,0,0,1,4,0,1,2
used,0,0,0,0,0,0,2,0,0,0
user,0,0,0,0,0,0,0,0,1,0
users,1,1,0,0,0,0,0,0,0,0
using,0,0,1,1,0,0,0,0,0,0
v,0,0,0,0,0,0,2,0,0,0
vacc,0,0,0,0,0,1,0,0,0,0
vaccina,2,2,3,1,2,1,0,0,0,0
vaccinated,0,2,0,0,0,0,0,0,0,0
vaccine,9,7,5,10,2,9,8,26,7,7
vaccines,5,2,0,2,0,0,12,16,7,2
variant,0,0,0,0,0,0,0,0,1,0
variants,0,0,0,0,1,0,0,0,1,2
various,0,3,0,0,0,0,2,0,0,0
vast,0,0,0,0,0,0,2,0,0,0
vectored,0,0,0,0,0,1,0,0,1,0
velocity,0,0,0,1,0,0,0,0,0,0
vely,0,0,1,0,0,0,0,0,0,0
ven,0,0,0,1,0,0,0,0,0,0
ves,0,0,0,0,0,0,0,2,0,0
vi,0,0,1,0,0,0,0,2,0,0
view,0,0,0,0,0,0,0,2,0,0
vikas,0,0,1,0,0,0,0,0,0,0
viral,0,0,0,0,0,0,0,6,0,0
virtual,0,0,1,0,0,0,0,0,0,1
virus,1,2,0,0,0,0,0,0,0,0
viruses,1,2,0,0,0,0,0,0,0,0
vp,0,0,0,1,0,0,0,0,0,0
vpds,0,0,1,0,0,0,0,0,0,0
vulnerable,2,2,0,0,1,0,0,0,0,0
waivers,0,0,0,0,0,0,2,0,0,0
want,0,0,0,1,0,0,0,0,0,0
wants,0,0,0,0,0,0,4,0,0,0
warp,0,0,0,0,0,0,0,2,0,0
way,0,0,0,0,0,0,0,2,0,0
wednesday,0,0,0,1,0,0,0,0,0,0
week,0,0,0,0,0,0,0,2,0,0
weeks,0,0,0,0,0,0,0,0,0,2
welfare,0,0,0,0,0,0,0,2,0,0
well,0,0,0,0,0,0,0,2,0,1
whether,0,0,0,0,0,0,2,0,0,0
whichever,0,0,0,0,0,0,2,0,0,0
wide,0,0,0,0,0,0,0,0,1,0
widespread,0,0,0,0,1,0,0,0,0,0
within,0,1,0,0,0,0,0,0,0,0
without,0,0,0,0,0,0,2,0,0,0
witnessing,0,0,0,0,1,0,0,0,0,0
work,0,0,0,0,0,0,0,0,1,0
workers,0,0,1,2,0,0,0,0,0,0
workshop,0,0,3,0,0,0,0,0,0,0
world,0,0,1,3,0,1,6,0,1,0
would,0,0,0,0,0,1,0,8,1,0
wrong,0,0,0,0,0,0,6,0,0,0
year,1,0,1,1,0,0,0,2,0,0
years,0,0,0,0,0,0,0,0,1,1
yesterday,0,0,0,1,0,0,0,0,0,0
yet,0,0,0,0,0,0,0,0,0,1
ze,0,0,1,0,0,0,0,0,0,0
zed,0,0,0,0,0,0,0,2,0,0
zer,0,0,0,0,0,0,4,0,0,0
ziaur,0,0,1,0,0,0,0,0,0,0
zydus,0,0,0,0,0,0,0,2,0,0
